Column,Depth,TIC [mol/kg],TOC [mol/kg],fe2+ [mol/kg],fe3+ [mol/kg]
C1,0-4,0.062484389309799354,0.13050537007742902,0.012345887966351004,0.002273867556531452
C1,4-8,0.24877195903754895,0.12659229040046627,0.015443414031206505,0.0030167268544841644
C2,0-4,0.08579635334276914,0.12738323203729915,0.010375636369869014,0.003128306844608075
C2,4-8,0.16755474148697028,0.09745233535925402,0.016748282651476636,0.004660471146526074
C3,0-4,0.05191074848055949,0.12184664057946884,0.017634965819568693,0.002944707721798136
C3,4-8,0.0461660144867205,0.09428856881192241,0.012471141684368333,0.004560418091089567
C4,0-4,0.033136291732578475,0.06260927483140455,0.012979984049925678,0.0023156110823652504
C4,4-8,0.0419615352593456,0.07268337357422364,0.03627963930678277,0.0034118227241243322
