Column,Porosity,Dispersivity_mm
1,0.21338238701987675,2.4389366633012406
2,0.20234668795206162,4.068754416276759
3,0.19476027331492765,4.633062442649796
